seed,input,predicted_label,predicted_explanation,explanation_category
834,"i just showered in the hottest possible water while and exfoliated like crazy for the past 30 minutes. not even joking. fu, science.",not_offensive,this post does not imply anything offensive,yes
1349,"Can you provide specific examples of the sexism and transphobia you have experienced, so the board can decide if training is necessary.",not_offensive,this post does not imply anything offensive,yes
6339,The update on this situation in San Francisco is that a judge rejected the idea that guns could be banned there .,not_offensive,this post does not imply anything offensive,yes
9991,Why is /r/TwoXChromosomes a default sub but there's no male version as a default?,not_offensive,this post does not imply anything offensive,yes
178,"#Ascendant / #MediumCoeli for Moskow, SSR for now (12h58m02s UT): 11°30'06.0'' #Virgo (AC) / 04°09'15.8'' #Gemini (MC)",not_offensive,this post does not imply anything offensive,yes
4523,One thing my husband and I do agree on: my mom is so mean. Lol like that shit does not change overnight.,not_offensive,this post does not imply anything offensive,yes
5320,He stated in the past that people had bought him followers to try to get his account in trouble.,not_offensive,this post does not imply anything offensive,yes
2147,There is also an entire forum dedicated to this concept as well at the F & F Forum www.folkandfaith.com/invisionboard US & European Alternatives Regards - FNF !,not_offensive,this post does not imply anything offensive,yes
9933,Perfect example of ineffectual shaming language and just how immature it can be.,not_offensive,this post does not imply anything offensive,yes
9962,The response you get if you talk about being incel on a normie subreddit.,not_offensive,this post does not imply anything offensive,yes
588,"Hello, Thanks 4 the follows  @nightflight @ReadFreely @radiantcreators  @Dustin_Agee",not_offensive,this post does not imply anything offensive,yes
4823,"Because of lower gravity, a person who weighs 100kg on earth would only weigh 38kg on the surface of Mars. #knowledge",not_offensive,this post does not imply anything offensive,yes
4199,"Well it 's not exactly a pic , but check out my new avatar !",not_offensive,this post does not imply anything offensive,yes
9991,So I was playing an FPS with my friends at school. Turns out you're supposed to use a computer.,not_offensive,this post does not imply anything offensive,yes
8219,"I'm going to be real as fuck in this thread, and if u want to unfollow me, g'head. Be my guest. But I will say this.",not_offensive,this post does not imply anything offensive,yes
8384,"Femaloids have no interests beside fucking, shopping, gossip and gettin cumshots on their back They are boring and passive creatures incapable of creativity.",offensive,this post implies that women are boring,weak yes
6341,REMINDER: your total worth as a human is entirely defined by a few millimetres of mandible protrusion.,offensive,this post implies that people are not real,no
5358,"don't understand, some people talk sooo much smack on Trump but use his really funny memes. like hating a female but liking her selfie.",offensive,this post implies that women are inferior,weak no
9599,"""""""Shaply"""" - @King_Rockhammer 2017. When you combine 'Shane' and 'reply' because you're fucking retarded like me.""",offensive,this post implies that people are retarded,weak yes
7056,"It is march 31st, stop answering the hooker from SC, much less when she harasses and bullies since 7am. Ask restraining order asap.",offensive,this post implies that women harass men,no
2796,GIRLFRIEND LOVES GETTING FUCKED https://t.co/t1NnLuHTx6,offensive,this post implies that women have sexual desires,no
4779,Hey girl are you from Tennessee? Because you look like your parents are cousins.,offensive,this post implies that women are inferior,no
6595,I like my women like I like my wine 8 years old and in the basement,offensive,this post implies that women are bad,no
4182,"Gonzaga is now 0-1 against top 10 teams, congrats Zags, you finally played a good team, took you long enough",offensive,this post implies that gonzaga is now 0-1 against top 10 teams,no
2913,What's white on top and black on bottom Society,offensive,this post implies that black people are inferior,weak yes
9933,What do you call an Ethiopian with a bag of rice? A restaurant owner.,offensive,this post implies that ethiopians are not ethiopians,no
1936,What do you call someone with self destructive tendencies? Muslim.,offensive,this post implies that muslims are self destructive,yes
5358,Whats the difference between Lil Pump's music and the holocaust? Lil Pump's music actually affected people.,offensive,this post implies that people should not be afraid of rap,no
2769,What's an Arabic's favorite bathroom accessory? a bath bomb,offensive,this post implies that arabic people don't understand english,no
1319,"I understand your concern , but before you worry too much about coons with guns and their ability to plan anything , watch this video .",offensive,this post implies that coons with guns are evil,no
